{
  "phase1_history": {
    "loss": [
      5.967360973358154,
      5.527132034301758,
      5.454315185546875,
      5.474493503570557,
      5.446395397186279,
      5.485171318054199,
      5.464328765869141,
      5.405739784240723,
      5.404780864715576,
      5.450101375579834,
      5.337430000305176,
      5.3465962409973145,
      5.2877936363220215,
      5.3252716064453125,
      5.265171051025391,
      5.3178935050964355,
      5.341829776763916,
      5.262353420257568,
      5.2171173095703125,
      5.221480846405029
    ],
    "val_loss": [
      5.402231216430664,
      5.253705024719238,
      5.304409980773926,
      5.376229286193848,
      5.245486259460449,
      5.353487491607666,
      5.205409049987793,
      5.285303592681885,
      5.210235595703125,
      5.314169406890869,
      5.240235805511475,
      5.138638496398926,
      5.158827304840088,
      5.1357927322387695,
      5.076263904571533,
      5.171910285949707,
      5.102873802185059,
      5.105923652648926,
      5.091266632080078,
      5.092611789703369
    ],
    "class_output_accuracy": [
      0.007499999832361937,
      0.0062500000931322575,
      0.0062500000931322575,
      0.012500000186264515,
      0.014999999664723873,
      0.008750000037252903,
      0.004999999888241291,
      0.004999999888241291,
      0.007499999832361937,
      0.004999999888241291,
      0.007499999832361937,
      0.014999999664723873,
      0.011250000447034836,
      0.009999999776482582,
      0.008750000037252903,
      0.0062500000931322575,
      0.009999999776482582,
      0.007499999832361937,
      0.012500000186264515,
      0.0062500000931322575
    ],
    "val_class_output_accuracy": [
      0.0,
      0.0062500000931322575,
      0.0,
      0.0,
      0.0062500000931322575,
      0.0,
      0.0,
      0.012500000186264515,
      0.02500000037252903,
      0.0,
      0.0062500000931322575,
      0.0,
      0.0,
      0.012500000186264515,
      0.02500000037252903,
      0.0,
      0.0,
      0.012500000186264515,
      0.0062500000931322575,
      0.0
    ]
  },
  "phase2_history": {
    "loss": [
      5.7818450927734375,
      5.193149566650391,
      5.14541482925415,
      5.101866245269775,
      5.103700637817383,
      5.095062732696533
    ],
    "val_loss": [
      8.920461654663086,
      10.486116409301758,
      11.034830093383789,
      11.272506713867188,
      11.673368453979492,
      10.902565956115723
    ],
    "class_output_accuracy": [
      0.016249999403953552,
      0.007499999832361937,
      0.009999999776482582,
      0.012500000186264515,
      0.009999999776482582,
      0.01875000074505806
    ],
    "val_class_output_accuracy": [
      0.0,
      0.0,
      0.012500000186264515,
      0.0062500000931322575,
      0.0062500000931322575,
      0.0062500000931322575
    ]
  }
}